{
  "info": {
    "name": "Vendas BFF - Full API",
    "_postman_id": "vendas-bff-full-api",
    "description": "Todos os endpoints do backend agrupados por dom\u00ednio",
    "schema": "https://schema.getpostman.com/json/collection/v2.1.0/collection.json"
  },
  "item": [
    {
      "name": "Auth API",
      "item": [
        {
          "name": "Register",
          "request": {
            "method": "POST",
            "header": [
              {
                "key": "Content-Type",
                "value": "application/json"
              },
              {
                "key": "Authorization",
                "value": "Bearer {{token}}"
              }
            ],
            "url": {
              "raw": "{{base_url}}/auth/register",
              "host": [
                "{{base_url}}"
              ],
              "path": [
                "auth",
                "register"
              ]
            },
            "body": {
              "mode": "raw",
              "raw": "{\n  \"email\": \"user@example.com\",\n  \"password\": \"senha123\"\n}"
            }
          }
        },
        {
          "name": "Login",
          "request": {
            "method": "POST",
            "header": [
              {
                "key": "Content-Type",
                "value": "application/json"
              },
              {
                "key": "Authorization",
                "value": "Bearer {{token}}"
              }
            ],
            "url": {
              "raw": "{{base_url}}/auth/login",
              "host": [
                "{{base_url}}"
              ],
              "path": [
                "auth",
                "login"
              ]
            },
            "body": {
              "mode": "raw",
              "raw": "{\n  \"email\": \"user@example.com\",\n  \"password\": \"senha123\"\n}"
            }
          }
        }
      ]
    },
    {
      "name": "Clients API",
      "item": [
        {
          "name": "Get Clients",
          "request": {
            "method": "GET",
            "header": [
              {
                "key": "Authorization",
                "value": "Bearer {{token}}"
              }
            ],
            "url": {
              "raw": "{{base_url}}/clients",
              "host": [
                "{{base_url}}"
              ],
              "path": [
                "clients"
              ]
            }
          }
        },
        {
          "name": "Create Client",
          "request": {
            "method": "POST",
            "header": [
              {
                "key": "Content-Type",
                "value": "application/json"
              },
              {
                "key": "Authorization",
                "value": "Bearer {{token}}"
              }
            ],
            "url": {
              "raw": "{{base_url}}/clients",
              "host": [
                "{{base_url}}"
              ],
              "path": [
                "clients"
              ]
            },
            "body": {
              "mode": "raw",
              "raw": "{\n  \"name\": \"Cliente\",\n  \"phone\": \"999999999\",\n  \"address\": \"Rua X\"\n}"
            }
          }
        },
        {
          "name": "Update Client",
          "request": {
            "method": "PUT",
            "header": [
              {
                "key": "Content-Type",
                "value": "application/json"
              },
              {
                "key": "Authorization",
                "value": "Bearer {{token}}"
              }
            ],
            "url": {
              "raw": "{{base_url}}/clients/:id",
              "host": [
                "{{base_url}}"
              ],
              "path": [
                "clients",
                ":id"
              ]
            },
            "body": {
              "mode": "raw",
              "raw": "{}"
            }
          }
        },
        {
          "name": "Delete Client",
          "request": {
            "method": "DELETE",
            "header": [
              {
                "key": "Authorization",
                "value": "Bearer {{token}}"
              }
            ],
            "url": {
              "raw": "{{base_url}}/clients/:id",
              "host": [
                "{{base_url}}"
              ],
              "path": [
                "clients",
                ":id"
              ]
            }
          }
        }
      ]
    },
    {
      "name": "Products API",
      "item": [
        {
          "name": "Get Products",
          "request": {
            "method": "GET",
            "header": [
              {
                "key": "Authorization",
                "value": "Bearer {{token}}"
              }
            ],
            "url": {
              "raw": "{{base_url}}/products",
              "host": [
                "{{base_url}}"
              ],
              "path": [
                "products"
              ]
            }
          }
        },
        {
          "name": "Create Product",
          "request": {
            "method": "POST",
            "header": [
              {
                "key": "Content-Type",
                "value": "application/json"
              },
              {
                "key": "Authorization",
                "value": "Bearer {{token}}"
              }
            ],
            "url": {
              "raw": "{{base_url}}/products",
              "host": [
                "{{base_url}}"
              ],
              "path": [
                "products"
              ]
            },
            "body": {
              "mode": "raw",
              "raw": "{\n  \"name\": \"Produto\",\n  \"unitPrice\": 50\n}"
            }
          }
        },
        {
          "name": "Update Product",
          "request": {
            "method": "PUT",
            "header": [
              {
                "key": "Content-Type",
                "value": "application/json"
              },
              {
                "key": "Authorization",
                "value": "Bearer {{token}}"
              }
            ],
            "url": {
              "raw": "{{base_url}}/products/:id",
              "host": [
                "{{base_url}}"
              ],
              "path": [
                "products",
                ":id"
              ]
            },
            "body": {
              "mode": "raw",
              "raw": "{}"
            }
          }
        },
        {
          "name": "Delete Product",
          "request": {
            "method": "DELETE",
            "header": [
              {
                "key": "Authorization",
                "value": "Bearer {{token}}"
              }
            ],
            "url": {
              "raw": "{{base_url}}/products/:id",
              "host": [
                "{{base_url}}"
              ],
              "path": [
                "products",
                ":id"
              ]
            }
          }
        }
      ]
    },
    {
      "name": "Affiliations API",
      "item": [
        {
          "name": "Get Affiliations",
          "request": {
            "method": "GET",
            "header": [
              {
                "key": "Authorization",
                "value": "Bearer {{token}}"
              }
            ],
            "url": {
              "raw": "{{base_url}}/affiliations",
              "host": [
                "{{base_url}}"
              ],
              "path": [
                "affiliations"
              ]
            }
          }
        },
        {
          "name": "Create Affiliation",
          "request": {
            "method": "POST",
            "header": [
              {
                "key": "Content-Type",
                "value": "application/json"
              },
              {
                "key": "Authorization",
                "value": "Bearer {{token}}"
              }
            ],
            "url": {
              "raw": "{{base_url}}/affiliations",
              "host": [
                "{{base_url}}"
              ],
              "path": [
                "affiliations"
              ]
            },
            "body": {
              "mode": "raw",
              "raw": "{\n  \"name\": \"Inst\",\n  \"address\": \"Rua\",\n  \"phone\": \"999\"\n}"
            }
          }
        },
        {
          "name": "Update Affiliation",
          "request": {
            "method": "PUT",
            "header": [
              {
                "key": "Content-Type",
                "value": "application/json"
              },
              {
                "key": "Authorization",
                "value": "Bearer {{token}}"
              }
            ],
            "url": {
              "raw": "{{base_url}}/affiliations/:id",
              "host": [
                "{{base_url}}"
              ],
              "path": [
                "affiliations",
                ":id"
              ]
            },
            "body": {
              "mode": "raw",
              "raw": "{}"
            }
          }
        },
        {
          "name": "Delete Affiliation",
          "request": {
            "method": "DELETE",
            "header": [
              {
                "key": "Authorization",
                "value": "Bearer {{token}}"
              }
            ],
            "url": {
              "raw": "{{base_url}}/affiliations/:id",
              "host": [
                "{{base_url}}"
              ],
              "path": [
                "affiliations",
                ":id"
              ]
            }
          }
        }
      ]
    },
    {
      "name": "Sales API",
      "item": [
        {
          "name": "Create Sale",
          "request": {
            "method": "POST",
            "header": [
              {
                "key": "Content-Type",
                "value": "application/json"
              },
              {
                "key": "Authorization",
                "value": "Bearer {{token}}"
              }
            ],
            "url": {
              "raw": "{{base_url}}/sales",
              "host": [
                "{{base_url}}"
              ],
              "path": [
                "sales"
              ]
            },
            "body": {
              "mode": "raw",
              "raw": "{\n  \"client\": \"client_id\",\n  \"products\": [\n    {\n      \"product\": \"prod_id\",\n      \"quantity\": 1,\n      \"unitPrice\": 10\n    }\n  ],\n  \"total\": 10\n}"
            }
          }
        },
        {
          "name": "Get Sales by Client",
          "request": {
            "method": "GET",
            "header": [
              {
                "key": "Authorization",
                "value": "Bearer {{token}}"
              }
            ],
            "url": {
              "raw": "{{base_url}}/sales/by-client/:id",
              "host": [
                "{{base_url}}"
              ],
              "path": [
                "sales",
                "by-client",
                ":id"
              ]
            }
          }
        }
      ]
    },
    {
      "name": "Payments API",
      "item": [
        {
          "name": "Create Payment",
          "request": {
            "method": "POST",
            "header": [
              {
                "key": "Content-Type",
                "value": "application/json"
              },
              {
                "key": "Authorization",
                "value": "Bearer {{token}}"
              }
            ],
            "url": {
              "raw": "{{base_url}}/payments",
              "host": [
                "{{base_url}}"
              ],
              "path": [
                "payments"
              ]
            },
            "body": {
              "mode": "raw",
              "raw": "{\n  \"client\": \"client_id\",\n  \"amount\": 100\n}"
            }
          }
        },
        {
          "name": "Get Payments by Client",
          "request": {
            "method": "GET",
            "header": [
              {
                "key": "Authorization",
                "value": "Bearer {{token}}"
              }
            ],
            "url": {
              "raw": "{{base_url}}/payments/by-client/:id",
              "host": [
                "{{base_url}}"
              ],
              "path": [
                "payments",
                "by-client",
                ":id"
              ]
            }
          }
        }
      ]
    },
    {
      "name": "Dashboard API",
      "item": [
        {
          "name": "Get Dashboard",
          "request": {
            "method": "GET",
            "header": [
              {
                "key": "Authorization",
                "value": "Bearer {{token}}"
              }
            ],
            "url": {
              "raw": "{{base_url}}/dashboard",
              "host": [
                "{{base_url}}"
              ],
              "path": [
                "dashboard"
              ]
            }
          }
        }
      ]
    }
  ]
}